{"cameraMode":{"drawMode":0,"name":"Shaded","section":"Shading Mode"},"sceneLighting":false,"audioPlay":false,"sceneViewState":{"m_AlwaysRefresh":false,"showFog":true,"showSkybox":false,"showFlares":true,"showImageEffects":true,"showParticleSystems":true,"showVisualEffectGraphs":true,"m_FxEnabled":true},"in2DMode":false,"pivot":{"x":-34.609371185302737,"y":207.87799072265626,"z":17.670745849609376},"rotation":{"x":0.12417631596326828,"y":0.0032753588166087867,"z":-0.0003987122036051005,"w":0.992236852645874},"size":76.13883972167969,"orthographic":false}